hours_studied,previous_scores,sleep_hours,attendance_percentage,extracurricular_activities,practice_tests_taken,final_score
7.993428306022466,88.89266321297463,9.099033154879002,92.78361076166638,False,10,6.917079118146189
6.72347139765763,103.64124960705196,8.386950524369153,79.48814283671467,True,6,5.762052158895098
8.295377076201385,54.02148639271288,7.089445554880261,76.81801116577692,False,1,4.244908333411908
10.046059712816051,83.44453855035856,6.029594833441639,84.96625542589048,True,1,14.080332800148643
6.531693250553328,65.24036146317259,8.047334970420385,83.29815377475072,True,6,5.993063062625614
6.531726086101639,67.69311924352957,7.590228078132625,80.46771950672725,False,2,3.1852010473738437
10.158425631014783,66.11409113641696,8.342789830041598,91.96387447456715,True,4,8.631469801952393
8.534869458305817,62.04013845480276,7.9527577025229546,94.5530520857051,False,5,7.966578691596396
6.061051228130096,75.7278244191724,8.574329072979003,85.88406886291847,False,8,1.1809355691532026
8.08512008717193,62.535748253834434,6.1971471826591475,99.77530081055262,True,4,6.121976466488147
6.0731646143750755,79.05685238669759,8.976091098451489,73.58310885866496,True,2,5.523024915427999
6.068540492859486,74.24642835826295,7.296399407038599,83.06340540720282,False,1,5.621729507471898
7.483924543132068,71.41577929700385,10.112891308937899,77.83177679397195,False,8,11.131782942774768
3.173439510684404,61.386545069376034,5.966218272865648,66.33463382926939,True,8,6.29168025326937
3.5501643349739345,66.34843004147501,9.603945704747874,84.17319314157301,True,4,12.68750250699935
5.875424941518054,86.33086838738635,7.296866175193972,83.78252491616716,True,1,7.1827778372984366
4.974337759331153,82.5137578143657,6.022872994578328,100.13449743242131,True,9,16.291702572893985
7.628494665190548,60.33667132802174,6.274171248918518,91.30811684554777,False,4,4.460378138348176
5.183951848957578,76.48998458143839,6.519479037708519,74.75813175670795,False,2,2.1927077541880493
4.175392597329417,86.27080685057683,7.636248919602875,103.54092566334188,False,4,9.562157175555384
9.931297537843108,49.95892078317942,7.784253232053249,97.21033695525352,False,3,14.310616692170562
6.548447399026928,83.15040288569902,6.139449994092131,90.82097703468615,True,8,0.786614808731966
7.1350564093758475,65.0606436158123,6.963468111608526,82.73515901150168,True,9,6.431303169107799
4.150503627573086,83.5589800288974,10.213405537917795,75.4056076327652,False,4,3.520338846907981
5.911234550949635,63.55111265186225,9.591314755151068,81.27793223928947,False,4,7.340659104600296
7.2218451794197325,47.92676849003222,7.654485504511048,95.88748619704185,False,5,6.7307349331912425
4.698012845155395,50.58686343175256,7.057005217252301,103.84586305934609,False,11,13.086449721253803
7.751396036691344,75.72127419992073,7.1800469900773916,100.43243528272188,False,8,7.162082455797552
5.7987226201623905,78.89583752582223,7.9202769590956255,80.11150578213726,False,6,13.676204878552507
6.416612500413446,61.43525062343387,5.4658111522023916,73.80382566710989,False,2,4.281311521789008
5.796586775541206,84.57888688166061,6.613935193864982,86.40886246911204,False,8,11.606125108691948
10.704556369017876,50.0771990659656,4.497123889183616,67.31560634437149,False,7,7.97749273830307
6.973005550524132,74.00880302029024,7.598834683907919,88.23167714184781,True,6,16.296007479504862
4.884578142088199,56.834757003563155,7.970793909554112,83.52397413701331,False,5,0.0
8.645089824206378,65.22245838296762,6.275220306550939,80.33963498131757,True,3,1.6028755636459735
4.5583127000579555,75.71098006974621,9.360980144935048,69.05296932733205,True,5,15.953586143339873
7.4177271900095105,62.09379952074072,5.161351505496488,90.13600106569717,False,3,2.838260424728018
3.080659752240449,69.23166683655262,4.80343767968527,79.6729916033809,False,3,1.7699482902270507
4.3436279022031385,90.0943921382166,7.336677727839958,73.30083164289712,True,7,2.5933485386510213
7.393722471738247,66.34662195715276,8.570647453918232,56.2773778671835,True,4,12.730156748550318
8.476933159990821,87.53538168097712,9.525891537186803,84.72485094949364,False,4,1.7875571734639433
7.342736562379941,58.05439718013573,6.31167360569659,102.72251596669744,True,6,7.567634319794118
6.768703435223519,82.94706266872925,8.618021250146944,101.6125921454787,False,6,6.4011335188142136
6.3977926088214225,96.6235293098685,6.9422372957489396,80.42903743413729,False,3,12.3174202759604
4.042956019265145,37.92533249809066,6.74105905008877,78.97787939638219,False,4,2.133323252014545
5.5603115832105825,63.046571167942844,8.325489906230008,89.68774256075024,True,6,9.163198986877621
6.078722458080425,83.6560819077081,7.978484317620129,75.01614560811709,True,6,1.5560334780358431
9.11424445243783,71.9543192093551,4.635411764523626,88.01791899819466,False,6,18.65850665399367
7.687236579136923,80.56718810056964,9.214810524588843,92.6608027838469,True,6,7.15782668735204
3.473919689274532,65.94022219926269,9.070137031221178,97.26933223884308,True,3,6.690406085650801
7.64816793878959,76.2988468120935,6.061655947735706,83.99845923520047,True,5,15.814910923056289
6.229835439167367,72.66484146911881,7.593705300156113,82.96326249823034,True,2,4.150528841940157
5.646155999388083,92.5167309248971,7.7410452794241085,76.2201741324344,True,5,15.77923706219424
8.223352577681736,78.8163126495182,7.391010648735861,76.73119645960139,True,3,5.67333324535508
9.061999044991902,80.06403993112804,6.174542269231869,82.73521108098473,True,3,11.309577192886543
8.862560238232398,68.821845508163,5.992564948092923,88.67365506816178,False,5,4.438263851954474
5.321564953554723,67.6859066389126,6.961668893512832,94.13584626233249,True,11,0.48540218558913395
6.381575248297571,68.51162718270568,8.759093528889046,76.96821049319655,True,7,9.40346324595728
7.662526862807128,80.91678213567445,7.8154002318916485,99.92688568959522,True,7,11.542042365727315
8.951090254244718,68.68523278769605,6.444078501870841,82.2887639895743,True,4,1.1354162394067364
6.04165152430942,79.34662285344619,8.157548065972517,84.78632705651565,True,1,5.730228185111611
6.628682046672366,106.13101197968157,2.727186069054887,77.52788320852177,True,4,13.305310295706953
4.787330051987944,88.06687055147539,8.723148550558156,60.75759739727059,True,5,9.912089763895453
4.607586751838658,70.10964701748239,4.39042933183285,93.8404539636105,True,4,4.3943156711155416
8.625051644788396,93.01820883245918,6.456338587895302,92.36843897092433,False,4,4.941161773678502
9.712480057141645,68.87886940467673,5.320495158060784,82.18672442881787,True,7,17.66874614021877
6.855979756839332,44.428131972332196,5.0579777864186415,85.66990717224871,True,6,0.0
9.007065795784047,59.87870533623894,8.741240181067779,90.159392177041,True,8,7.917468370799161
7.723272050095268,46.938121184612164,6.298448198032163,69.37454143113457,True,4,0.0
5.709760490789751,69.72729773938038,7.519755822596074,79.70947322653706,False,3,12.902336652862992
7.722791211016828,75.27627568784328,6.929619131681224,92.94264679621827,False,0,7.0614220001359955
10.076073132931938,100.14655968412924,7.715561240834682,72.45710576830751,False,4,9.223832657321337
6.928347921780097,79.90391060646245,7.115232836590383,87.9355793216663,False,1,20.79656020175552
10.129287311628012,71.71349206786704,5.075511663717146,71.43418195376594,False,4,4.254270505136003
1.7605097918205113,87.44108371775233,8.49440022917071,89.66429982433526,False,3,14.674505631644942
8.643805008750448,41.832970364881724,6.259365125258031,84.64358517702516,False,5,4.5670826620354426
7.174094136476342,78.53421837162848,4.665127152010373,68.8486818409449,False,6,5.324764121929576
6.401985299068265,86.5629779083045,6.357827258551131,96.64739354457171,False,6,20.46216828020519
7.183521553071005,52.821206313302376,9.251139685951467,77.65408423201951,False,4,5.810887374978605
3.0248621707982144,92.15631064810394,8.275332613170239,76.89747562985619,False,4,0.0
6.560656224324976,80.07744611241621,6.477021798388211,87.00569197230944,False,5,8.34139406994388
7.7142251430234925,68.77068129148797,6.476113443522356,96.48637349428715,False,1,6.120994935773323
9.955788089483033,84.49172799159427,6.5175474231739265,74.84178181021603,False,9,9.858976584984477
5.963459563452705,109.06039286706593,10.11512197534126,85.61679849847971,False,7,7.427162990344395
5.3830127942136246,77.72799382587743,7.57290317834733,89.28816500330574,False,5,17.80752554175306
5.996485912830927,78.72330879450504,7.645062470786605,91.93105607263143,True,4,10.236088179962202
8.830804235404148,68.10958650689633,8.545425181047763,86.76441555277225,False,5,2.2442598828771736
7.657502219319369,62.25233445802812,7.35818373853977,81.32972160916678,True,4,7.906615030330086
5.940479592465922,87.45503724816368,6.611436781268945,76.7240977935128,False,1,2.546568161169272
8.026534866226712,62.15874261136699,6.705475226372533,85.86143883046375,False,3,5.596409873202575
7.194155098696081,76.07349355829089,6.892598110878904,74.27860988014393,True,7,2.877342229966696
8.937289981065778,67.83513829852325,6.944166645235238,55.78649516505393,False,6,17.370012967899292
5.595893812245295,82.18469738619588,8.091444315455469,89.36559804157667,True,10,4.277491110587231
6.3446757068044635,80.00493157930423,7.077918828710949,94.03934841086195,True,4,10.983822554018511
6.215783693735685,90.56309916386849,8.098960115823369,61.37067564458162,True,5,5.70367300809942
4.072970103735763,67.3497540171788,6.878925129837127,74.90269295290062,False,6,0.0
7.592240554129152,70.95187597059943,7.117952785474136,91.19154261005198,False,6,8.231239350023426
7.522110544359778,60.31854426326539,4.002698973201839,105.574954697117,False,8,8.879959895240718
7.010226913284922,68.33560109885832,8.374491512053723,85.20793707675408,True,4,10.264923233572645
6.530825733249706,80.65950739567279,7.519732713846989,77.71997058770866,True,3,0.0
4.1692585158991715,86.35482924968028,8.497015164789477,83.1710355889516,False,3,0.32339270416375676
6.158709354469282,61.167520137335615,2.6556169327094663,98.74876419148185,False,9,10.987892228619655
6.314570966946461,88.0440888015849,10.132562057171091,78.54035820875464,False,7,2.9181301698303583
5.395445461556762,95.33456788207427,6.790615557767239,77.00807993349747,False,2,7.675472019404475
6.677428576667982,81.20152354835551,8.662274225106275,80.17256477817968,False,2,0.7459356148948899
7.8081017136290765,103.151937188371,5.440141109311703,75.46671391741287,True,4,11.60458989933521
10.77237180242106,63.39316201344641,7.919160857593854,86.22670315994796,True,6,13.185296762878387
7.349155625663678,56.33017945032874,5.419876655239516,101.2467845846956,True,9,11.060467894798995
7.515100781445529,48.319196266435824,6.064346558956292,88.23079273116029,False,11,11.84956204132919
6.851108168467666,97.44066467233775,9.87104703080018,82.47646497873713,True,4,16.141036146041174
3.162457569401917,84.81548484531086,6.71397639885498,82.08188731084456,True,7,0.6974879399536116
6.946972249101567,74.16622993634317,7.326149309769584,69.36809191303342,True,7,3.331172002108343
7.120460419882053,79.19952939479731,8.305101596033131,93.83109777147159,True,3,12.376231407187925
11.926484224970572,58.11766429052435,7.743522831958907,84.22162802987198,True,7,14.37794671933296
6.615278070437755,111.68627969425239,7.225628357715364,83.19520086409375,False,5,4.402773916567188
7.603094684667225,76.93831772962841,7.547441503699338,116.93107567844861,True,2,4.55569376113683
6.9305764605895135,76.64092191907339,10.605123377857414,87.98752908365687,False,9,4.5346476248529095
4.6626439247609355,85.88649935848038,6.913571804449622,77.48208949904816,False,6,0.0
9.285645629030041,82.2151384760507,7.301648570072452,80.73642403794457,False,3,1.3439920060096622
8.503866065373549,78.35826036418698,8.575981594011418,96.48445709196756,False,6,1.7897394845070371
8.582063894086094,63.142883168320324,8.658288899436975,86.13270410537764,False,3,5.85409629542877
5.181225090410522,82.07202535703993,8.78054545834057,70.61722021682633,True,2,8.28977696330654
9.805588621872198,103.2303674471255,7.958095333043777,94.19228934575203,True,8,11.667360017823267
4.196297874415438,95.18130069232467,5.285492630904274,78.31855914461006,False,4,3.6548056907821858
8.17371418760054,98.89779939959095,9.450147298451643,103.73297776217545,False,5,6.246805309876797
11.380911251619956,67.33176485353222,5.280481910471968,95.80048065714648,False,4,8.623956872294324
5.0189273497386235,60.15592769612129,7.453953197858549,80.52678104341248,True,3,0.0
5.867404540794456,73.11319619850528,5.868586224970963,97.81016361735112,False,4,11.42174513370908
7.199302730175282,75.83587368433042,6.9037924801105115,85.67855510527403,True,3,13.881754030354257
5.993048691767601,91.41287277706422,7.493143615455221,93.52773675122219,False,11,4.499859515859413
3.8986731378677346,49.613030554277714,7.482035823175409,89.84732817294474,True,6,4.1369988454085735
7.137125949612055,97.9432547919092,7.632881131352927,76.53643345009127,False,5,13.73194111761196
4.87539257254779,72.62988152131516,9.420566903587972,78.56450167682539,True,5,6.397481923922422
7.9471848612703635,68.5967839507887,7.68030145227097,95.29960817581161,False,5,10.34833966826585
5.1611515315323935,59.81843437109749,6.633765047064027,81.65224667893459,True,3,5.860389040371581
10.09986881003508,50.177149922013456,8.446130752432536,80.96351536758003,True,6,15.752116253678713
5.433493415327526,87.34755875942872,8.784205733386962,75.44877420650647,True,4,9.790741478979626
6.355876967588649,76.09976950782605,5.158588277294511,89.23599065593461,True,5,9.856044242281076
8.62703443473934,55.65058650388419,7.896100104774787,105.62524919243145,True,3,10.757827686251687
4.53827136713209,55.57381841904576,8.051759113466348,74.32467085745728,True,7,3.5195154731463063
7.4549198692082586,69.96322951064808,6.553654744960012,85.24219456672758,True,3,5.007253116994557
9.614285508564857,100.0353228793409,9.063560219967428,99.12220555415429,False,6,12.873375066431056
3.785033530877545,71.10612972954593,6.77491661945121,84.20358608754285,False,7,6.595536664338537
7.369267717064608,52.45285570322841,7.188364680207314,89.52371796249734,False,1,0.5527757299222706
7.519765588496847,71.31385403871083,6.740392263574195,74.37606471853121,False,6,16.20287828454748
8.56364574355462,70.90914645378494,7.023368571372202,89.28307097207649,False,4,12.271348426043868
4.526098578243836,34.546700355876425,5.355587369657197,83.12855734995452,True,2,5.475537954042826
4.359086773831447,74.18557700223282,4.839923676108558,94.85729995679863,True,2,5.017995098757686
8.043883131233795,71.53598204686983,9.391757594837458,96.87386051564751,True,5,9.291184627730868
7.5939693464663724,85.44309547220128,5.729557977522508,110.89563642018614,True,5,10.829215111564178
7.5009857006917535,102.73434142418017,5.512911475815539,90.79633173213576,True,3,0.0
7.692896418993952,91.89847544321637,3.769914829594428,88.25796316582166,False,5,17.74772584696296
5.639950556843019,70.96666964167754,6.041557378465747,86.94384301577335,False,11,2.7118408293455736
7.464507394322007,58.40211136887494,5.015365309888752,81.46833707189312,False,2,6.171548375495864
7.586144946597362,113.60039704874791,9.463022740204554,88.38483843461691,False,6,8.77733800381666
5.571297163947264,75.88827651021732,8.514725634013951,82.0459858986097,True,5,17.220975718458156
10.731549022289514,75.2089393786942,5.9677744822334144,86.68460976269614,True,3,7.937927353709671
7.947665841823575,74.63812369334995,10.378653708016463,98.17597535607959,True,4,16.41310687997303
4.617393005594703,77.97127141151782,8.47264823048739,74.9345743472036,False,10,8.637725755789106
8.31310721726766,72.83459382114086,6.512752924737066,96.39878561129045,True,1,2.9602613506154425
5.050636659545357,66.39506989679646,3.2508914276896403,98.17115067339866,False,8,6.699661813418961
8.574169207484903,66.79711588139412,10.436413858886112,83.81931473008922,True,3,7.541483424140464
9.317191158014808,74.50870094676003,4.915641299854606,63.78145100991405,True,5,2.0004976617287697
5.358635363296579,66.84862843299352,4.531901879564662,78.92178012905568,False,4,7.525641051690833
8.926752258488644,64.30731325984253,8.53385564801446,97.96994546561109,True,11,8.685699514806327
7.825561853872997,76.59645341537845,10.659628609508909,84.77131937701118,True,3,10.98905909780562
8.64412031998898,71.17534173868717,9.076409227765778,75.0069776770509,False,4,8.400984475161332
10.793585965307894,97.55989482874033,7.84586368007854,79.95225078771783,True,3,5.847483243006662
6.509223767994259,35.23545287410482,7.892131512497929,93.40620026504553,False,3,9.877267145878072
5.492527671285021,91.37260277883692,8.280123338170462,90.4673356820138,True,8,4.76144718395438
5.220971140748953,93.69127788746444,8.138392884680147,82.61067900830305,True,1,0.0
5.368379430069123,43.89914651387776,7.421787135954064,81.33175588185313,True,5,6.841160419668937
6.845796581171792,69.85968608879477,7.156301655927814,81.08241850956178,True,7,4.5749561089818656
7.682303949633288,69.42838701006313,6.9061103081507165,75.77589815501497,True,3,9.152487891447645
7.553381598660038,53.88732457923268,5.869053116699986,101.15375689469442,True,7,17.360989379176285
8.654366498072047,63.33274968613687,6.578987384699839,81.7767953078866,True,5,17.690711171178034
7.026003783755814,58.34136231801257,4.460564778706922,97.17158520825497,True,7,6.203237002938998
9.907068154314633,101.28405665135435,6.852490559807875,100.21316051922452,False,5,4.653782800703642
6.470686333524088,89.03517589721191,5.517113339273624,94.9831089814796,False,7,10.16773088759777
12.440338333179238,94.07332642491238,5.344616024176344,80.68379687281951,True,5,7.39817504232765
8.251334695530012,85.82508096064853,7.269841226730218,89.03730090336609,True,4,10.151132246486782
5.2856848871674345,58.06422343174156,9.088003429516899,84.75804393609084,False,5,3.0413686339588484
4.858215003877776,67.1321960058034,8.37747490900347,75.96298139269872,True,11,8.215112345626673
7.96494483048637,82.34061841841877,4.644249094565234,88.24359281721603,True,7,3.699637368668103
6.553074429348298,56.66808286662082,5.515557795144494,73.20960208840198,False,6,11.895417191667054
8.428000988184184,85.69497645258582,8.411156781982324,96.87679388461564,True,3,5.570095648996501
7.94647524914709,71.39511902762797,5.5262689096925355,80.35382702701607,True,0,10.410350106103873
6.854342174686255,69.37768788675604,6.663050275004463,87.0115965587284,False,10,0.7065979060724201
5.30641256386319,85.66439952305237,7.825078148536828,87.83287871546142,True,5,11.319822336878474
3.9703055506282707,81.6639496722906,5.547483317704547,82.41095026295923,True,5,1.6311115635696112
6.106970095865957,69.5855075127138,7.15806325921894,90.86693801475275,False,3,7.9186610006280755
8.712797588646945,92.38994705046372,4.998961757622693,80.25096343377476,True,4,13.094456351914507
7.4281874882604075,58.78405008600154,6.097948534073179,93.71297297457244,False,2,5.58709474544669
4.508522442576024,84.23903410416395,7.479672901213806,71.54020319753252,True,2,1.465453030779961
7.346361851702364,83.89651886952575,4.6105093997024955,86.26379579546412,True,7,10.052236388793116
7.770634759457674,70.35680341029014,7.660712106940599,104.38928999058285,False,3,3.2720961340145625
5.232285127597734,79.89199533363177,6.970543301609978,74.99668675394426,False,1,4.141272655954353
7.307450211891056,56.23329635422046,7.828734931625721,78.22255029475149,True,3,8.314142015540352
7.116417436892,88.86040528810352,7.335871201096992,90.13907849658915,False,7,14.412977793905046
4.714059404338753,72.22646795335517,9.046210644960766,86.79581781939598,False,5,6.695494242264884
7.715574720696567,67.1591546922144,7.187836753971861,88.50630099273559,True,5,7.706240365690439
8.121569052736469,90.73513838755333,6.355891688312121,89.89187130147664,True,4,11.843634822900382
9.166102486350553,64.4348446418586,7.183446254548426,91.3472146856177,True,5,8.26702257721123
9.107604104069805,53.873080554546604,7.814947043554582,96.09699841956223,False,5,10.600941269173529
4.244661264085818,51.65056239714144,7.073290105488557,89.09818656928513,False,3,10.950287416678002
5.124349920169754,84.0901492701846,7.060887536805824,82.58742345381458,False,3,4.86175455606271
8.03007053441732,55.793559712555755,5.947012468289866,91.72573701202731,False,6,0.0
8.027571901824418,101.32191272976547,6.0056486236735775,103.99881934895215,True,6,4.632507601394211
8.030095372612095,43.77105888174417,4.89609209230046,83.67366253617426,False,4,12.1546022025723
14.705462981309442,100.44684552435058,9.62436511478041,75.25470695329358,True,9,10.652735031796258
8.141781021386334,78.16526200803928,5.1342051469130725,96.07080669286972,False,6,5.692561407871742
9.271131280361198,73.54930332194411,5.960642203306139,83.79618836046401,True,5,13.774017030878202
8.908003526986406,66.82621369786575,5.922389101646203,63.27330453985964,True,5,6.7402562754372095
8.302782502611596,80.98704171528107,8.342386565416662,93.47421677150422,True,4,0.0
6.369461510719309,74.43547946362727,6.557575482561958,79.64671814046078,False,10,0.0
8.517938440986535,91.54952823024783,8.871613109010601,84.0946671769584,True,6,10.749995152027445
5.454349570924856,76.71341472993059,5.9897640636341976,88.31980330569014,True,2,6.4845462072110225
6.526362786519982,77.25452642192816,7.418491243335703,86.90499679779066,False,4,14.213428013106476
6.029272904341793,69.54581681679217,5.746979420110364,92.09451817139039,True,3,3.2350211491458203
7.163748278772645,74.14581564418398,10.217723691660083,80.64513629430157,False,2,5.700827344352463
11.629317133347017,79.6170265333809,5.218602371455731,90.13105798176083,False,5,3.8921169533921054
3.265469614816504,49.347474110150614,7.464731065340541,82.40453322416083,True,6,3.1781571730807503
8.372520380749027,54.77721866841431,7.950665321398148,92.38810480887503,True,5,0.0
3.7745682576206967,86.14896141034072,7.620698646177248,91.15367484013053,False,10,4.823849486021267
6.056136268421133,77.56298157191912,6.722068511683437,75.64561297955404,True,5,6.767793637318404
9.177901193934732,72.24024995470981,6.805268950399861,95.85982116175032,False,5,7.06570916051473
7.128560038190925,75.27650899598089,7.065717207968665,79.64036554885952,False,4,17.620911947193335
4.844510444141388,80.21372558042506,6.779496997557267,93.08057798281145,False,4,15.70465526792777
5.569392581480064,66.90360479535957,8.445818675192365,88.6728731340134,True,3,3.279240803481704
8.35919549786935,63.32542911896531,10.315784502387027,103.38183676795123,False,6,0.0
5.539266736565727,77.93767882646523,6.16376232248825,82.76534017628148,True,4,6.3940913788724325
7.43291717916395,60.32440833577452,4.945295530631383,81.50683203881802,True,2,8.592467023367718
7.091143679807628,81.12379133571707,6.8675769274731175,84.80580394112268,True,9,3.5292701383644607
5.696799304788366,49.46124593643239,10.869564006481479,81.96820217165724,True,5,2.9104914146240706
11.28788817865065,90.43733455988465,5.794488148045404,92.9994190194205,False,9,16.739236266750193
8.267838044636022,82.08896223619564,9.4586752081661,68.83689391563412,True,5,6.790356773106774
2.9497148266847857,78.84044601470814,9.51655122111466,74.46317580853646,False,5,9.33392272618976
7.3729086295388555,89.74036475918271,6.169617637438008,74.32197078420808,False,1,2.2657352798688617
5.676427070463224,99.98211666693865,7.853474618777913,94.50307591973575,True,5,7.735861455399871
8.704866669592448,90.21555097527195,9.442594934692806,102.10613372581925,False,8,7.043668921807275
5.414958523134599,47.38688653002532,6.43130838851877,83.95550781462528,False,6,2.3760999407448935
6.770527117066202,55.806345498964475,6.694629459846458,83.31178276809989,True,2,12.473248904541402
8.009974557960915,65.62772133456482,6.127478629077034,85.70052163113182,False,5,0.0
8.731510388340244,75.3913657531625,5.4778649039606995,96.6187830260819,False,5,9.008576784003328
4.599407185888447,82.76488530703685,6.026083682400989,75.72646865809426,False,4,4.291777936511995
6.330997528318103,64.11384280269802,5.164089599856615,87.38368982734785,False,6,8.398554975267702
6.050109377678088,77.80150146715617,7.051125202388839,94.7519762978243,True,5,5.754895495205355
5.693341534852577,63.66925601470016,5.845040153412038,90.01094169939846,False,6,10.612674027417746
10.530908480562193,65.82723295512078,7.350678867686121,86.89581616598744,False,5,3.196958530258585
7.809963421921911,53.900083547276665,4.666156530694559,95.01046092567141,False,4,12.278389771752662
4.478232091329909,61.151501308336435,7.496320348321685,57.967677070007625,False,7,5.362045280383681
8.835723894109552,54.724730915754996,8.250293442413387,91.77875319530908,True,5,1.1994418763193124
11.244312394025266,60.36190120534001,4.009396536142817,78.45924316872576,False,7,10.804012871651135
9.064930521102294,90.80462694911759,7.561084854771358,66.69367103143543,True,6,7.263382261314786
3.961260068091973,60.759016667520854,8.841503488709938,90.11202599524981,False,4,0.0
6.031531854267497,114.48573097256086,5.185538471963191,98.73658545162958,True,8,9.986505729215692
9.533822298373245,82.39976851321333,9.508858580256554,83.62551485372308,True,4,13.75195856284375
5.584661068762438,77.77254185542311,7.6285285140490675,94.52874547202939,True,3,13.715244755362912
7.887638856292456,62.1246332972818,5.942482216362387,101.12278257988646,True,5,5.691476060373037
8.549268106858673,85.50464819113488,6.916346383513441,98.14914453584048,True,10,9.429421761708488
5.146139056843834,66.36543260643339,7.837490368782584,101.39964529371393,False,6,6.9592757073702085
6.8809492878764,76.83014721968043,7.114008087118617,92.42127491071892,False,4,14.549578335993868
0.5174653198618548,113.40126807403192,7.808133988669554,85.75433638901593,False,3,1.9741352120235218
4.951224717331421,73.55910150413025,5.61898961038095,68.98034188102832,True,3,3.8735029709576847
6.494863697213679,92.23909989428513,7.254041236054117,82.53937511870052,False,5,3.0697287470543273
4.504433636070301,64.45235362311169,4.87942825464253,76.56753404683808,True,2,0.0
10.26482260786327,74.47517264254557,6.83316090797695,106.70942717497815,True,6,10.139424683379136
4.139717244078735,101.56200953453265,5.6441385378028155,83.24114187567663,False,2,14.39890068865883
6.119911026606032,65.5954941331835,5.89670508611535,86.23204806784486,False,5,5.342585093010292
7.2614811545721825,102.18672836995393,8.854139762815656,90.51485376040468,True,2,4.062047487535273
9.882546578132231,85.61627903183214,8.636965180891403,85.43602446372454,True,6,9.843734726804017
4.128275697641121,66.56299836158598,7.913707181360765,101.95051040430752,False,3,9.22421484748553
9.32632750430992,84.48611608583282,5.361530852991132,78.77350638265548,False,5,6.757935221857713
7.020466122039174,89.58831674440094,6.525387325457797,86.94607455237242,False,2,14.18125400485878
5.036982697904098,84.32714943325794,8.819646549968775,77.57529414301952,False,6,2.731916939120776
7.924206948526542,51.446629201643155,7.212575370459857,71.79977488779295,True,6,5.546461435362065
7.39811939114694,64.09294236262697,10.478994309972542,78.88230909094715,False,7,8.80119422893939
5.799566245682411,71.28722046672743,7.589976759091558,84.62963202951588,False,6,8.617958302916096
7.139604169980037,73.8834985634993,7.288073674735047,80.7069777548274,False,6,7.2324597828791015
6.22937280627648,84.31008146326018,6.536325303696248,78.07579020126144,True,4,0.8264288662583734
7.227034690502496,77.66551501399881,7.200311357173423,70.93682536328166,True,4,18.998588514374013
8.324261349042093,54.96983461934848,6.771295245429184,84.16894427371305,True,7,6.240747867254479
10.172033632290704,80.70296776508945,8.062163015032885,69.95279625968998,True,5,8.978902254186464
4.524369002346302,84.15878617925735,8.435053475191875,92.60055963689602,False,5,9.912355035066929
11.266066749312532,83.3968567189656,5.821015809238076,85.82439752934503,True,8,5.771854951492865
3.0958244009549962,91.21171088331933,5.003150569663333,70.42448500535069,False,4,5.852634482279876
6.6964298099288335,87.50883231823356,4.245691940345055,81.90790922950137,False,2,3.1857105383098014
8.176634412969154,81.88770118842655,7.761986990368816,77.47843594409417,False,3,9.441803328409769
7.561983735470065,73.94751432812029,5.344950090739189,88.19174510419181,False,4,5.502747151760894
5.754600960358813,50.085585997260125,3.7706641105712757,98.40450446023145,True,6,7.65580228035281
6.5837554992854495,81.44427328698879,7.582867906796446,66.24827530354256,True,9,2.1909424416226635
6.013998130682334,78.11531530744666,10.739499276149186,86.15026079147417,True,3,3.5964302591117008
5.821270486111577,79.0736825579306,6.99089363269016,83.3986720443336,False,5,0.0
8.69920419404205,55.84877136269536,8.257736161677464,91.71340076450466,False,3,3.676258585190673
7.714030971930095,58.784151893876064,7.122744037821348,87.1319662823769,False,2,0.0
5.614180809478691,90.79729279999356,6.851665520213286,77.48030668261181,False,4,5.196041496088542
8.799199750866501,74.40667269215018,8.378614724481652,81.80946064333382,False,9,5.171706804287998
7.614599041753219,85.22251046058936,6.564588183717023,77.03974143196511,True,4,8.394980348362903
8.62572423767792,75.42477564195691,7.401088471107855,95.76007138598598,False,5,7.971739982909644
8.259257683847224,75.44634209243618,7.48254670929402,85.21311648671943,True,8,14.375979035998915
5.342009978155856,89.07425708963997,5.997864319535427,104.01190685753008,False,8,20.180928129639227
5.879637919606061,67.25932907673939,8.488063524304785,84.39339186185379,False,5,12.344147034436272
8.494587210246523,76.44181165411474,6.737560364956887,77.91593233089537,True,3,5.412836208912827
8.22074053086693,68.06587066942436,5.866382260760733,69.86285607387173,True,9,4.928129638037783
6.958196812071704,68.48255658851527,7.804764765355605,66.96860323744055,False,2,10.752924949665118
7.234654766617564,70.3624181479704,5.652298027313444,69.1586405699451,False,8,0.0
9.555329791576849,78.3320065745057,7.042271736053692,87.67126651011483,False,7,6.408650561628653
5.81685722232834,67.81877067504784,6.986321505033695,90.08725023229934,False,6,5.399454988756449
8.094194762340075,93.83634188360281,8.628843348747367,69.18809297967867,True,9,11.322912761791828
6.595614695132212,61.580890466707444,7.7120473493199295,93.95038314076115,False,3,9.773353166124465
6.56463759354556,72.19692533757961,6.962459561882284,80.1693894831656,True,6,3.4992684334836666
9.19755370397438,68.40403412588738,8.22664944880043,86.4679301198555,False,7,5.710859675530752
8.65083269797606,96.704668265306,9.08531132352597,101.12220628255425,True,7,11.473628614368982
8.627019272001277,77.94832164767362,7.8367154595277935,93.96839315865532,True,5,4.347085725300675
9.610957614308658,90.47766809202952,7.015528929765071,82.31469352094167,False,5,14.124444370348344
7.042007683265518,52.716594404445416,5.032245651474761,76.08807774584713,True,1,9.302991734930153
8.363905942589927,79.00575398803889,5.402329505386941,63.48184598670695,False,7,7.771849718994347
6.379466486813088,88.34446193435156,6.542162943467998,77.8084668075758,True,4,9.314648263479029
7.648332704976884,76.23425983913137,6.0857316967610755,82.88869761172306,False,7,4.7865369295159725
6.739713891264631,90.98220562598027,6.7195430455218315,75.12820472848816,True,5,4.42550774848884
7.193991929985437,67.24067324849442,7.084974887345661,83.68743032907695,False,5,4.7020981691977735
8.190314050873827,96.1402116027837,7.794539131535096,85.76851882958768,False,3,10.394984212953005
5.363558633533055,109.48347185428875,6.894251832911364,82.75144018191921,True,5,8.79039586853549
11.184774551370921,69.55742159340511,7.729752465739303,78.4999741917654,True,5,6.460257960479057
4.987965237000596,68.31746217898842,7.096711622215181,86.68654671966728,True,4,10.450472519838788
4.571622774424536,96.80076715676552,4.036800150469193,89.41940649569409,True,3,5.96568205204999
9.316221747000135,98.69358218596068,5.590996909271869,74.09600922557154,False,3,4.266222071705428
8.583325387925871,67.15709959270097,6.783868666417577,99.10932379746271,True,5,9.27539942859978
8.24823963410431,68.69719774356214,5.185457885738339,84.01411867715738,False,10,2.084855332110056
8.25669101852856,70.7732308670924,7.899893094994306,85.18849622944848,True,2,0.0
6.975506454306171,54.833242334485846,9.296126248515545,92.08214423256557,False,5,6.92402193875632
5.205491257028337,61.220220802737025,8.828142777545974,87.33216131263502,False,3,3.025948571507105
7.151609116387453,59.93788849871898,6.679835693604688,94.53136633913245,False,4,5.465760864858314
5.645676576975776,63.483036523438074,9.236089205274927,87.87124165201824,False,6,1.8899525092880403
8.950239466835502,74.47972668919829,7.2230011858031675,78.87562625359563,True,3,13.902688408735846
6.705885236995723,78.5132209880478,6.494371043322941,88.61503525206102,True,4,4.1135887376988824
5.349005606414977,98.25750739221115,6.079896004688591,73.56273792679337,False,4,4.484381635114878
6.357228316694013,60.024689388918134,6.546295470267808,86.08559705776523,True,5,8.750858329342805
7.825862908551248,89.76483597714875,6.417734772188156,84.6677000935554,True,8,1.264822498080009
5.872550894392051,71.79016733661737,7.255624333563231,82.9188314272746,False,5,0.0
5.355559208867137,74.2580443552135,7.240860971574797,83.71462488561069,True,6,8.928304693455976
7.487374422983825,85.12229238249905,7.004569030230122,66.1815095450236,True,3,5.173847029581767
7.4899331422174455,58.159169676565526,7.655407254619525,79.51275092259039,True,4,2.6320497567533288
5.9861136492577405,80.73614619276076,8.785969412179512,85.92844901141115,False,5,10.11756800638809
6.057923388763355,77.49678312319584,8.424331203161985,86.598563919974,True,6,3.490809258042715
7.464099874715273,82.38676896012224,4.772653047325145,74.72324859074041,False,7,5.486700617586595
4.103831317005351,79.33752965861727,3.169118297647068,97.65707840864701,True,5,1.9124446095244743
4.1850724512468895,111.82950209866341,8.40147986685891,76.33825151785499,True,2,8.955432229475708
5.563111557495128,65.43390023623026,4.949681952376869,94.69457200526736,True,6,13.401505669700041
6.573105696576306,67.03504567497274,6.662851897160975,89.27194361871685,False,4,0.0
7.621815131196009,65.65289210362853,5.244830460910961,78.53772690156197,False,2,6.948634392870628
9.950712433899104,66.66784321259618,4.297029343629971,102.75310892609512,True,4,12.334468599982786
8.71531924640404,65.43919309040223,7.812194092307182,73.0636316824352,False,2,4.876288612147183
6.680122940073145,92.83524796661328,8.138732740453971,94.19154173610002,True,3,2.4243469554979455
6.961967584194622,96.30756371984782,6.135234398909921,95.00582318042979,False,4,9.621498627336685
4.994941270724382,66.43880559375785,3.113436561782635,78.29379790923355,False,7,10.550611480398828
6.96297372801522,62.51466640343657,6.180633327621276,98.92465300064329,True,5,11.759957725873882
6.422682722159723,82.07123334579606,7.58770600810382,82.49953485401048,True,5,9.346278938162738
7.645437120676179,66.71665433578544,4.781632646838807,87.88693629279857,True,7,7.776099805522491
5.345538112895354,84.49397726633266,7.275039879668734,87.6032183877122,True,9,3.014268438309972
8.038693028482344,78.04384531276949,6.977035226240507,83.65691258529452,False,7,11.758622328725618
10.065477826005155,52.26383827504152,7.8689372494016325,93.10808273159782,False,6,11.718525613482324
6.782479703086285,98.21257801995093,7.17937055262123,92.93488720552213,False,6,2.0353700951519507
7.8034234441978825,101.93816509643283,5.540396588677667,67.51468026761819,True,9,9.843232893556653
8.380287983422225,65.80816964273421,8.794857252496737,98.04340242878152,True,2,11.30350665014409
6.197559056228328,69.18447660096024,6.762205640459545,68.37508011964326,False,3,10.531280940731834
7.448184963620833,79.28798086087357,6.959043190735102,95.32546204341658,True,9,7.742072634450581
7.02518480156359,80.01685184980538,5.600098061390206,96.26705136827583,False,3,2.735494602557539
7.195352197097663,84.87816409009245,6.335076623212735,74.09033569784802,False,8,4.602047069500256
5.453980432289067,105.15306808149525,5.672795928959649,80.89185712045415,False,5,1.9475280711973237
7.049020348517885,72.34579158758926,6.740580910114866,73.94295331514064,False,4,6.357993771490229
7.9959965824909,63.02554133192319,9.567562720213516,82.85078969711265,False,9,6.282160727176178
9.902287215590084,54.31021157978209,4.942148285602966,81.91965715814258,True,2,18.03333894401841
8.918541652170413,64.0360494008712,4.579657903184888,92.7966053226934,True,5,12.042730234795165
11.306364915023114,74.50309540689304,9.206755491240413,98.10308746119608,True,10,14.445302267034728
5.465304874223901,101.91836795276681,6.686014484272201,98.95683810789956,False,5,9.776352050023807
8.744641273441356,67.23583051445743,5.996390892010125,79.37831973421697,False,4,5.154724940037111
7.366684011476703,78.35681927458347,8.559857031094115,82.90778126255472,False,7,6.08411007113244
11.379605866435345,74.75365655890872,6.091576690394704,68.1656180777905,False,3,6.790425539935233
5.383403429289697,92.82589910172126,9.739014570320403,76.94129933503811,True,6,8.676513042084432
5.320556315638448,112.90398638810433,8.016888807008904,94.64851633097457,True,3,10.110119253182212
5.801214709111956,67.03696840619519,6.268132887781446,101.15582823548232,False,3,6.533168259167939
2.7522085513803862,67.65840836222667,10.235962319898256,72.65651128120078,False,4,4.252654961362871
5.948489956638478,90.66241315603608,6.091427615494992,79.07535740847106,False,1,3.6257504539461927
5.481734676892604,85.22837234439467,8.11314305801396,84.73594243041073,True,2,0.32367623007168866
7.300787572952415,102.7006098860405,7.448938870609738,87.80161158819607,True,4,14.748020406625374
7.683511951554319,83.75892277988946,8.952611934098197,76.90396480078354,True,5,19.057645582421003
10.752341678431772,69.61061863819411,9.342266795090278,89.2406104446409,False,8,14.548804102281998
8.9008476763721,83.85982246038463,7.04800622359865,80.26160652929084,False,7,1.4838547988931285
5.846192688675194,91.63055370874362,5.869873194480725,84.85547729121721,True,7,11.40729502252206
5.203170657303284,87.30723271796046,7.689958214408675,90.462842480037,False,2,11.92526410500612
7.983838343013011,82.60911046660947,5.983426945371841,85.06422269810938,True,6,5.841989267230313
4.359533585958715,91.00012034383731,10.020080871289935,80.63614109473431,False,8,9.543234235166867
10.662917531708707,92.5394338566851,7.204802996624106,83.90390196074169,True,6,6.789644432025093
9.358880241442574,95.7323848655629,6.452017673031837,84.11637040794665,False,4,15.695748727254253
6.06164869579059,84.73064831384464,7.277020458797363,81.29988970117873,True,4,9.181166290503041
3.573730941818245,72.49322879524719,4.979310565705456,82.41203937332898,True,4,1.39380991789381
9.707744748330825,77.20070529649985,5.542578942234023,100.98647170504717,True,1,11.592497822394483
6.770920309494764,93.09763449762535,8.800620861916638,90.6091944794124,True,6,13.584897341616045
9.475632623946924,62.74596493519146,6.014658581542906,82.0451968197084,True,8,8.845099889868845
3.811144682411266,80.53009963309351,5.42963352597709,91.96954404510736,True,7,9.057640264065768
5.801249954092454,69.09991781508958,7.804979128790929,81.6618051024399,False,7,6.273088756828424
7.010487399436366,75.43117234402226,8.778556231994495,96.73124637586642,False,6,1.8689316250168009
7.093961187529484,94.17677793910948,8.0784299659976,88.69642192198094,False,6,7.009631945973303
6.099869057041513,77.86648602029855,8.494071528708725,83.92697855995772,True,4,10.04447133294317
8.245699864694998,75.69654822234223,5.864807367145809,89.47716925810278,True,3,7.045253815284793
4.864759141234812,54.60215788530121,4.867283999887235,69.29123847931501,False,6,9.244226192770313
6.715241029957413,86.19380349040831,9.25200047793323,73.73232531090194,True,3,5.720956168167534
7.240591263423798,84.68226271711613,6.515980241736797,73.06074993600944,True,10,6.094891844681614
8.028877668117499,107.4488208495819,6.623750475317429,86.42943094763707,True,5,12.722635001894675
8.42322975617778,70.38332647570499,8.992291212773587,102.32514999485092,True,6,9.59116135457424
4.750715816324261,78.28725491495908,7.83434501410099,107.31300146192632,True,6,5.4451999933469715
3.9317716585287554,78.74075525566133,7.683831658122411,91.38051101440757,False,4,11.497262227999794
9.555353643797018,98.66179919645211,10.247503517351626,90.00844474944456,False,6,5.526766905889403
7.6646280239591835,73.57056701419572,6.034722654429785,66.9894226584726,False,5,2.9989046387898224
5.503026926886893,79.18532288655508,8.391760192121856,79.57326200265979,False,3,0.0
10.102303951045046,84.11844764574809,7.085519687345627,77.12216248091761,False,2,5.069080836290176
7.231349268585717,77.79913684734537,7.402888418294886,78.79152401748884,True,3,13.994230339464771
9.358594368127653,68.30349578174207,9.292702639618797,83.3185618141521,True,2,0.0
7.135036962820218,77.91134989347461,7.761753634434435,80.27909422302872,True,8,2.998539064662582
11.121495849763974,91.10447624789659,7.807444118574449,65.20700189624212,True,7,11.134660096288467
10.510681684886409,59.602270508834096,8.608761005964704,92.47910256117534,False,4,0.0
6.502071703041853,76.99454511220314,6.452570905685672,74.27256974260193,False,3,3.9253291018737
8.94314190190871,64.4981877759124,5.7411854989914906,87.39246864111149,False,3,12.758740540695108
8.290751899170296,92.92569943387264,5.43278620896845,105.74082669749973,True,6,18.75523153013811
9.737263115064698,52.15219642824338,4.050465115935998,75.80615408413577,False,5,8.04990952263377
5.070153078839791,66.61617229092617,10.084310694910483,59.697124772536704,True,1,1.810704239406812
8.372102919996879,80.65817812596781,5.345187451417475,82.13995778119889,False,8,2.572018909243445
9.116848973699176,98.4828604385151,6.6681195646213425,96.00959634998571,False,9,9.292075911420065
3.4825210271537714,74.01374608390519,6.584780050166619,104.58347454220593,True,4,8.079303064438367
4.63348297466845,66.67200709960203,7.461110046713651,72.70450405547584,True,7,15.769745458298395
2.921535644479799,103.21735604160885,8.223605818808945,89.96699223236521,False,3,11.493799574538823
6.461186331110884,53.279791493756335,8.290710232539618,80.34689543219946,False,7,6.891427569644558
8.435084511591924,42.017910650698774,6.125383842146592,83.94051645695865,True,5,5.252554758909115
10.004714104192056,81.60021675079999,6.749317429320382,111.44343347017035,False,6,23.656244480340135
7.14818956083955,67.46918663471084,7.42386992573245,69.97029671604847,False,8,9.87714695727995
10.257231091142584,59.681507743039305,6.62696331072468,87.53739661494573,True,2,4.57024088193865
4.239797083570217,85.6253467094903,9.411018364029989,89.67693171765433,False,4,5.69464956380852
3.5932351212896907,78.65701070656799,7.7364624274573774,95.85786324939347,True,9,2.684748733142082
6.888904602206763,66.53882053894907,8.102316679074725,85.97983153470895,False,4,0.0
7.768130897878614,55.79543401993658,7.994321903001119,88.08050539504103,True,4,8.9493384692496
6.934610503811814,88.08685992420217,8.760210786227987,81.08351432578209,False,3,16.28052763648501
2.865115799920247,84.75301766937991,7.27153233805556,87.69126941245108,True,4,0.0
6.821759920974423,73.51236204330925,5.05475207806623,81.56807724502589,False,4,6.750224363380599
4.391060998990294,102.69955494071499,7.599531927628963,91.21571889856051,True,6,4.1145274446425315
8.339345097660077,58.94872850510771,6.022964659312256,81.30389663956366,False,7,9.46255700146309
7.733196492193697,52.117122436128916,6.207074977375365,88.77100393902187,False,3,5.617717550325245
5.12024042734529,64.62137895178134,7.87954602813264,84.70737186315021,False,6,0.0
5.972266165326613,74.31620975466754,8.857424607150453,96.26050250772168,False,8,2.3978902649429967
4.881572956222097,78.65009173984038,7.031907365104092,84.48606276411513,False,7,2.3737288804895176
6.874641805453656,71.38145913215506,7.463249518898445,67.26967531793119,False,3,13.183400994069403
8.910284641002477,80.28083094771445,9.553322416952856,97.61921500713991,False,4,14.731785213330085
5.028547907328912,56.22690863714334,7.361129769232853,75.94267699137382,False,6,4.280520657776173
8.008093031035688,96.65646906109889,10.902524671270593,78.46233661351181,False,8,14.56248223605574
5.939484763255118,73.76773232411146,7.848264468447316,79.04338705956508,True,3,6.168226951556851
5.414254335475311,91.75943747382192,4.358855861266274,98.74438093170818,True,4,5.61366444306131
6.785939280090885,80.14088019566556,8.130012431656798,63.64325786021304,False,3,6.967260013627558
4.929515355161252,81.85129828730676,7.571737577324167,116.37748533659993,True,8,9.312573800179852
5.8927013893056355,83.54650920348305,8.934629131124119,95.56056809066052,False,1,4.380654914035588
4.6042442148223035,81.71562840025973,8.009772026904937,87.23238914129159,False,3,6.629606272225871
10.929450265832779,84.64084139801315,6.792316024024339,84.45105999383713,True,7,12.889337246413174
7.070527103943458,94.93728795198646,5.163552645565952,87.85554074857657,False,5,7.923932237819357
5.600548984014829,77.94781754552206,6.686465114070963,90.21122428379338,False,9,7.099968897250613
7.427959821468444,85.63505636382769,5.72421931868605,91.45215585950056,True,5,10.27784144193312
6.77534390061834,73.6539645856916,6.129214825292916,90.55604466003449,True,4,10.637985706115467
6.558060800933554,96.6017582317421,7.8828676066309145,85.8958068125525,False,5,7.2197293802546945
8.22833340008685,64.85411546911095,9.50485675652711,83.02661579692673,True,7,5.655208450780686
8.51501542009461,102.01410649366224,7.592007294734472,83.48726716346488,True,3,9.509420243220584
5.938997704778945,74.39763074033485,5.2061754069472235,83.0509171964732,False,6,0.0
5.84836351871064,53.53837346822928,7.666904002330211,96.33770096867065,True,7,5.968148034522594
6.449896605696712,76.92156622366184,8.794947229968477,90.93556722280861,True,4,0.0
2.3961576705288303,64.78422513787679,6.085325643520926,55.59611365335719,False,4,0.0
3.9696178756028955,87.60965323483086,6.798974249990623,91.55900776529761,True,4,0.0
9.733748534889049,65.21064031046413,7.022032292093796,86.94736194718774,True,3,13.229401363251398
10.289935427002568,68.3072485017783,5.82265253037664,84.81291243554102,False,4,7.634227048759168
6.501927920887243,46.65688903581703,7.972420650765788,81.11481546911114,False,2,0.0
8.153113926111534,68.21540521126386,6.818577777088327,96.24112719986013,False,7,9.904258735902289
7.622500309087072,38.64181010056565,7.629298665860541,94.47526462122858,True,6,12.029967834376507
13.157761616910475,51.24145764771415,5.66876173329685,77.27122332176391,False,7,10.51653143343267
9.239149822869154,86.40621984216446,6.343812549514884,89.07052287124534,False,5,6.9713321403040664
6.744164817038467,86.78700237976248,8.083572036741657,75.28343265458714,True,4,8.77356205530543
5.088919118799149,81.38186342677447,6.440750271862349,71.20381835211069,False,5,10.708893894844334
3.787107359484855,60.495357853061805,9.590445776850107,78.73282775410036,False,4,3.515510387468246
7.406927271734446,74.2843296578703,6.400545721578096,93.62393472382759,False,7,7.411081591969484
5.487298509431393,74.94596191364147,7.337027088627829,94.53125045376086,False,5,5.4750524500076905
4.155492580804651,57.624529662111854,8.398886247809635,90.13085420097293,True,6,0.0
5.706854231514947,97.55097452650726,4.872451400600452,92.25095786847997,False,5,11.559558403298341
4.8369039927712105,88.16043435863507,4.358786782028837,90.16178287114958,False,2,16.498495056494605
10.37428327014513,71.68553739255503,4.711515528144858,78.58518404777048,True,4,3.513881319828604
8.763279513898901,75.40328758491796,8.893876155140774,89.31922544673941,False,4,12.64793315043002
6.9840547173667655,78.12574211921329,6.172212781161329,93.00409525227683,True,6,3.4243048916020937
9.959888277780053,44.37397697363564,10.837298928502378,92.54291329813574,True,11,9.287708088298302
7.154736615295237,71.29233926219105,6.153628602013917,96.88913371474644,True,6,15.129617799689246
5.2774315973434724,64.77023628003302,7.276826954795555,92.08303847201064,False,8,3.9334752719028585
10.046248154539315,59.975699851576266,9.313164928851814,88.51448207541583,True,5,8.357099251527924
8.077820087369318,70.78349560671067,10.009139332238684,95.70150238316427,True,3,0.0
4.925507691347088,101.96529790274283,10.092255364954596,84.7347874075094,True,5,4.664297088134917
6.619322643832784,84.61264291900514,8.812549345889714,76.18125348772283,False,1,0.0
5.248763493230486,66.43231515325805,8.536093788717194,83.36933036056236,False,8,8.729128201694415
4.234400538071328,83.58874172034238,7.888790423801774,77.55097355193551,False,6,10.552564533796822
